"img","h1","đã bán","giá","giảm giá"
"https://salt.tikicdn.com/cache/280x280/ts/product/87/08/0e/db4f09b6ee8bc317f097ebcca1933a2d.png","Kế Toán Vỉa Hè - Thực Hành Báo Cáo Tài Chính Căn Bản Từ Quầy Bán Nước Chanh","Đã bán 4.7k","179.000₫","-10%"
"https://salt.tikicdn.com/cache/280x280/ts/product/b8/db/b7/7827a39c17b68337b093de7850fc3337.jpg","How The Body Works - Hiểu Hết Về Cơ Thể","Đã bán 66","",""
"https://salt.tikicdn.com/cache/280x280/ts/product/eb/76/de/a0e87ef33a285d22f4659374a1f1f177.jpg","Clean Code – Mã Sạch Và Con Đường Trở Thành Lập Trình Viên Giỏi","Đã bán 823","223.500₫","-42%"
"https://salt.tikicdn.com/cache/280x280/ts/product/1f/54/5e/cd85003d95753de1c8c20b83f5ece511.jpg","Combo 2 Cuốn Làm Sao Học Ít Hiểu Nhiều + Đọc Nhiều Nhớ Được Bao Nhiêu","Đã bán 459","196.800₫","-20%"
"https://salt.tikicdn.com/cache/280x280/ts/product/b0/26/07/b7413959a411ac15046111b5de9dd812.jpg","Sĩ Số Lớp Vắng 0","Đã bán 47","77.000₫","-25%"
"https://salt.tikicdn.com/cache/280x280/ts/product/b0/f9/dc/257e0d39c5fd59cc7a82417c25475707.png","1cm Đến Hạnh Phúc - 1cm Diving","Đã bán 242","98.000₫","-16%"
"https://salt.tikicdn.com/cache/280x280/ts/product/82/2d/f4/86dca40189763c9e69c6ad295ce60e06.jpg","Bộ 2 Cuốn Về Hai Gia Tộc Lừng Lẫy : Gia Tộc Morgan + TiTan - Gia Tộc Rockefeller (Bìa Đen)","Đã bán 34","694.000₫","-30%"
"https://salt.tikicdn.com/cache/280x280/ts/product/ae/86/ca/e507b5715af439efb60da02102592276.jpg","Hackers Toeic Vocabulary","Đã bán 464","194.000₫","-30%"
"https://salt.tikicdn.com/cache/280x280/ts/product/ee/c8/81/0962d6c5c708e703fbf84ba1e4493220.jpg","Combo 2Q: Kỹ Năng Quản Lý Nhân Sự Chuyên Nghiệp + How Management Works - Hiểu Hết Về Quản Lý (Sách Quản Lý/Quản Trị Nhân Lực Thành Công)","Đã bán 31","",""
"https://salt.tikicdn.com/cache/280x280/ts/product/0d/fc/9e/657f78c399bf846bee7e5f6be62c1370.png","Sách - Người Giàu Có Nhất Thành Babylon (George Samuel Clason) - Tái Bản Mới Nhất 2023 - Sbooks","Đã bán 11","",""
"https://salt.tikicdn.com/cache/280x280/ts/product/fa/ce/51/5ba12f66d8f024578d4ad81565b809b9.jpg","Trong Cái Không Có Gì Không?","Đã bán 4","",""
"https://salt.tikicdn.com/cache/280x280/ts/product/75/7d/4c/bf74ab8099da1b8b1cefeb30ee3ac07c.jpg","Vượt lên trật tự - Tác giả Jordan B. Peterson","Đã bán 104","280.000₫","-20%"
"https://salt.tikicdn.com/cache/280x280/ts/product/ff/ab/00/9c0b62cfcafa79db549a1d0b565e9faf.jpg","Mất Kết Nối (Lost Connections) - Tác giả Johann Hari","Đã bán 335","200.000₫","-20%"
"https://salt.tikicdn.com/cache/280x280/ts/product/c5/26/ee/41ddeda3131acfd9644ed50d94b991ae.png","Đừng Cố Làm Người Tốt Trong Mắt Tất Cả Mọi Người","Đã bán 2.0k","93.000₫","-14%"
"https://salt.tikicdn.com/cache/280x280/ts/product/17/4d/ae/e048a930f0cf129fa36d4e9a7796a932.jpg","Bìa đựng hồ sơ 20 lá sức chứa 100 tờ A4 80gsm Thiên Long Flexoffice FO-DB007","Đã bán 1.1k","25.000₫","-50%"
